count,225.0
mean,4.042666666666666
std,1.4409359557493973
min,1.4
25%,2.7
50%,3.6
75%,5.9
max,5.9
